name,gmail,pwd
kp,kp@gmail.com,123
adish,ad@gmail.com,123
charan,charan@gmail.com,123
gopal,gopal@gmail.com,123
sheril,sheril@gmail.com,123
navaneet,nk@gmail.com,123
venky,venky@gmail.com,123
flinson,fl@gmail.com,23
sugaman,sugaman@gmail.com,123
hello,hello@gmail.com,123
pranav,pranav@gmail.com,kp123
